{
  "books": [
    {
      "id": "guia-prevencao-hiv",
      "title": "Guia de Prevenção ao HIV",
      "source": "Ministério da Saúde",
      "year": "2024",
      "tags": ["Prevenção", "HIV", "PrEP", "PEP"],
      "thumbnail": null,
      "pdfUrl": "#",
      "audioUrl": null,
      "description": "Este guia apresenta informações essenciais sobre as principais formas de prevenção ao HIV, incluindo o uso de preservativos, PrEP (Profilaxia Pré-Exposição) e PEP (Profilaxia Pós-Exposição).",
      "summary": "O documento aborda:\n- Métodos de prevenção combinada\n- Como funciona a PrEP\n- Quando usar a PEP\n- Importância do teste regular\n- Redução de danos"
    },
    {
      "id": "tratamento-antirretroviral",
      "title": "Tratamento Antirretroviral e Qualidade de Vida",
      "source": "UNAIDS",
      "year": "2024",
      "tags": ["Tratamento", "Antirretrovirais", "Qualidade de Vida"],
      "thumbnail": null,
      "pdfUrl": "#",
      "audioUrl": null,
      "description": "Publicação técnica sobre os avanços no tratamento antirretroviral e seu impacto na qualidade de vida das pessoas vivendo com HIV.",
      "summary": "Conteúdo principal:\n- Tipos de medicamentos disponíveis\n- Importância da adesão ao tratamento\n- Efeitos colaterais e manejo\n- Indetectável = Intransmissível (I=I)\n- Monitoramento da carga viral"
    },
    {
      "id": "direitos-pvhiv",
      "title": "Direitos das Pessoas Vivendo com HIV",
      "source": "Departamento de HIV/AIDS",
      "year": "2023",
      "tags": ["Direitos", "Legislação", "Discriminação"],
      "thumbnail": null,
      "pdfUrl": "#",
      "audioUrl": null,
      "description": "Manual completo sobre os direitos garantidos por lei às pessoas vivendo com HIV/AIDS no Brasil.",
      "summary": "Principais tópicos:\n- Sigilo do diagnóstico\n- Direitos trabalhistas\n- Acesso à saúde pública\n- Combate à discriminação\n- Benefícios sociais disponíveis"
    },
    {
      "id": "diagnostico-precoce",
      "title": "Importância do Diagnóstico Precoce",
      "source": "Organização Mundial da Saúde",
      "year": "2024",
      "tags": ["Diagnóstico", "Testagem", "Prevenção"],
      "thumbnail": null,
      "pdfUrl": "#",
      "audioUrl": null,
      "description": "Documento que destaca a importância do diagnóstico precoce do HIV para o sucesso do tratamento e prevenção da transmissão.",
      "summary": "O material aborda:\n- Tipos de testes disponíveis\n- Janela imunológica\n- Onde fazer o teste gratuitamente\n- Interpretação de resultados\n- Próximos passos após o diagnóstico"
    },
    {
      "id": "saude-mental-pvhiv",
      "title": "Saúde Mental e HIV: Cuidado Integral",
      "source": "Rede Nacional de Pessoas Vivendo com HIV",
      "year": "2024",
      "tags": ["Saúde Mental", "Bem-estar", "Apoio Psicológico"],
      "thumbnail": null,
      "pdfUrl": "#",
      "audioUrl": null,
      "description": "Publicação que aborda a importância do cuidado com a saúde mental de pessoas vivendo com HIV.",
      "summary": "Temas tratados:\n- Impacto psicológico do diagnóstico\n- Lidando com o estigma\n- Importância do apoio familiar e social\n- Recursos de saúde mental disponíveis\n- Estratégias de autocuidado"
    },
    {
      "id": "hiv-populacoes-chave",
      "title": "HIV em Populações-Chave: Estratégias de Prevenção",
      "source": "UNAIDS Brasil",
      "year": "2023",
      "tags": ["Populações-Chave", "Prevenção", "Vulnerabilidade"],
      "thumbnail": null,
      "pdfUrl": "#",
      "audioUrl": null,
      "description": "Análise das estratégias de prevenção e cuidado específicas para populações mais vulneráveis ao HIV.",
      "summary": "Foco em:\n- HSH (Homens que fazem sexo com homens)\n- Pessoas trans\n- Profissionais do sexo\n- Pessoas em uso de substâncias\n- Abordagens de redução de danos"
    }
  ]
}
