{
  "title": "Bem-vindo à Biblioteca da AIDS",
  "heroImage": "assets/img/hero.png",
  "content": "Esta biblioteca digital foi criada para fornecer informações confiáveis e acessíveis sobre HIV/AIDS.\n\nNosso objetivo é promover o conhecimento sobre prevenção, diagnóstico, tratamento e os direitos das pessoas vivendo com HIV.\n\nAqui você encontrará publicações científicas, guias práticos e materiais educacionais desenvolvidos por instituições de saúde reconhecidas.\n\nTodas as informações são baseadas em evidências científicas e atualizadas regularmente para garantir sua relevância e precisão.\n\nNavegue pelo acervo, busque por temas específicos e utilize os recursos de áudio para facilitar o acesso ao conteúdo.\n\nLembre-se: esta biblioteca é um recurso informativo e não substitui a orientação de profissionais de saúde qualificados.",
  "audioUrl": null,
  "disclaimer": "⚠️ IMPORTANTE: As informações contidas nesta biblioteca são para fins educacionais e informativos apenas. Sempre consulte um profissional de saúde qualificado para diagnóstico, tratamento e orientações específicas sobre sua saúde. Em caso de emergência, procure atendimento médico imediatamente."
}
